{
  "$schema": "../gen/schemas/desktop-schema.json",
  "identifier": "default",
  "description": "enables the default permissions",
  "windows": [
    "main"
  ],
  "permissions": [
    "core:default",
    "updater:default",
    "updater:allow-check",
    "updater:allow-download",
    "updater:allow-download-and-install",
    "fs:default",
    {
      "identifier": "fs:allow-exists",
      "allow": [
        {
          "path": "**/*"
        }
      ]
    },
    "fs:allow-temp-write",
    "fs:allow-temp-read",
    "fs:allow-temp-write-recursive",
    "fs:allow-temp-read-recursive",
    "shell:allow-execute",
    "shell:allow-spawn",
    "shell:allow-open",
    "core:window:allow-hide",
    "core:window:allow-show",
    "os:allow-hostname",
    "core:window:allow-set-effects",
    {
      "identifier": "shell:allow-spawn",
      "allow": [
        {
          "name": "cmd",
          "cmd": "cmd.exe",
          "args": true
        }
      ]
    },
    {
      "identifier": "shell:allow-execute",
      "allow": [
        {
          "name": "cmd",
          "cmd": "cmd.exe",
          "args": true
        }
      ]
    },
    {
      "identifier": "shell:allow-spawn",
      "allow": [
        {
          "name": "powershell",
          "cmd": "powershell.exe",
          "args": true
        }
      ]
    },
    {
      "identifier": "shell:allow-execute",
      "allow": [
        {
          "name": "powershell",
          "cmd": "powershell.exe",
          "args": true
        }
      ]
    },
    "os:default",
    "dialog:default",
    "dialog:allow-ask",
    "dialog:allow-message",
    "opener:default"
  ]
}